{
  "package-name": "fractalsystems-discovery-mountaindive",
  "items": [
    {
      "type": "Poi",
      "content": "{b840b735-0b32-49ab-a7d0-027d7d265ea8}",
      "revision": 1
    },
    {
      "type": "Poi",
      "content": "{bf6a8acf-7420-474f-9156-917c76535921}",
      "revision": 1
    },
    {
      "type": "Poi",
      "content": "{94541dec-b108-4f41-87a3-fa6a3036dd45}",
      "revision": 1
    },
    {
      "type": "Poi",
      "content": "{9788a570-c857-47b3-9863-d909ad1accc8}",
      "revision": 1
    },
    {
      "type": "Discovery",
      "subtype": "CORE",
      "content": "fractalsystems-discovery-mountaindive.FLT",
      "revision": 1
    }
  ]
}