{
  "package-name": "fractalsystems-discovery-holeintherock",
  "items": [
    {
      "type": "Poi",
      "content": "{718e76f9-0f3e-4a9b-b52b-b24f26227e40}",
      "revision": 1
    },
    {
      "type": "Poi",
      "content": "{b601b542-dffa-4819-a4be-9fb461635b38}",
      "revision": 1
    },
    {
      "type": "Poi",
      "content": "{7c7ea0a0-c922-4c8c-a1f1-9eb91349445d}",
      "revision": 1
    },
    {
      "type": "Poi",
      "content": "{10136fdf-4894-4e87-9b41-9fa44c2a8707}",
      "revision": 1
    },
    {
      "type": "Discovery",
      "subtype": "CORE",
      "content": "fractalsystems-discovery-holeintherock.FLT",
      "revision": 1
    }
  ]
}