{
  "content": [
    {
      "path": "ContentInfo/fractalsystems-discovery-desertrun/ContentHistory.json",
      "size": 671,
      "date": 133624587655427079
    },
    {
      "path": "ContentInfo/fractalsystems-discovery-desertrun/Thumbnail.jpg",
      "size": 18227,
      "date": 133620684820654241
    },
    {
      "path": "en-US.locPak",
      "size": 1530,
      "date": 133624587655447077
    },
    {
      "path": "Missions/fractalsystems/Discovery/fractalsystems-discovery-desertrun/Default_Blank_Soundbank.PC.PCK",
      "size": 44464,
      "date": 133619175191435299
    },
    {
      "path": "Missions/fractalsystems/Discovery/fractalsystems-discovery-desertrun/fractalsystems-discovery-desertrun.FLT",
      "size": 5276,
      "date": 133624371289717135
    },
    {
      "path": "Missions/fractalsystems/Discovery/fractalsystems-discovery-desertrun/fractalsystems-discovery-desertrun.spb",
      "size": 2330,
      "date": 133624587655057062
    },
    {
      "path": "Missions/fractalsystems/Discovery/fractalsystems-discovery-desertrun/images/Activity_Widget.jpg",
      "size": 109355,
      "date": 133622463200900084
    },
    {
      "path": "Missions/fractalsystems/Discovery/fractalsystems-discovery-desertrun/images/Briefing.jpg",
      "size": 652874,
      "date": 133618498210000000
    },
    {
      "path": "Missions/fractalsystems/Discovery/fractalsystems-discovery-desertrun/images/Loading_Screen.jpg",
      "size": 584819,
      "date": 133616627170066522
    },
    {
      "path": "Missions/fractalsystems/Discovery/fractalsystems-discovery-desertrun/NotReallyDiscovery2.spb",
      "size": 4267,
      "date": 133624587655032056
    },
    {
      "path": "scenery/Landmarks/fractalsystems-discovery-desertrun-landmarks.bgl",
      "size": 504,
      "date": 133624587655357103
    }
  ]
}