{
  "content": [
    {
      "path": "ContentInfo/fractalsystems-discovery-mountaindive/ContentHistory.json",
      "size": 677,
      "date": 133624604593072842
    },
    {
      "path": "ContentInfo/fractalsystems-discovery-mountaindive/Thumbnail.jpg",
      "size": 18227,
      "date": 133624332938380482
    },
    {
      "path": "en-US.locPak",
      "size": 1608,
      "date": 133624604593092834
    },
    {
      "path": "Missions/fractalsystems/Discovery/fractalsystems-discovery-mountaindive/Default_Blank_Soundbank.PC.PCK",
      "size": 44464,
      "date": 133619175191435299
    },
    {
      "path": "Missions/fractalsystems/Discovery/fractalsystems-discovery-mountaindive/fractalsystems-discovery-mountaindive.FLT",
      "size": 5314,
      "date": 133624343220156359
    },
    {
      "path": "Missions/fractalsystems/Discovery/fractalsystems-discovery-mountaindive/fractalsystems-discovery-mountaindive.spb",
      "size": 2339,
      "date": 133624604592604184
    },
    {
      "path": "Missions/fractalsystems/Discovery/fractalsystems-discovery-mountaindive/images/Activity_Widget.jpg",
      "size": 110009,
      "date": 133624266170000000
    },
    {
      "path": "Missions/fractalsystems/Discovery/fractalsystems-discovery-mountaindive/images/Briefing.jpg",
      "size": 550730,
      "date": 133624268010000000
    },
    {
      "path": "Missions/fractalsystems/Discovery/fractalsystems-discovery-mountaindive/images/Loading_Screen.jpg",
      "size": 822331,
      "date": 133624268390000000
    },
    {
      "path": "Missions/fractalsystems/Discovery/fractalsystems-discovery-mountaindive/NotReallyDiscovery2.spb",
      "size": 4267,
      "date": 133624604592711221
    },
    {
      "path": "scenery/Landmarks/fractalsystems-discovery-mountaindive-landmarks.bgl",
      "size": 520,
      "date": 133624604593007860
    }
  ]
}