{
  "content": [
    {
      "path": "ContentInfo/fractalsystems-discovery-racetoarrakeen/ContentHistory.json",
      "size": 681,
      "date": 133624604304613713
    },
    {
      "path": "ContentInfo/fractalsystems-discovery-racetoarrakeen/Thumbnail.jpg",
      "size": 18227,
      "date": 133624159313228320
    },
    {
      "path": "en-US.locPak",
      "size": 1632,
      "date": 133624604304643701
    },
    {
      "path": "Missions/fractalsystems/Discovery/fractalsystems-discovery-racetoarrakeen/Default_Blank_Soundbank.PC.PCK",
      "size": 44464,
      "date": 133619175191435299
    },
    {
      "path": "Missions/fractalsystems/Discovery/fractalsystems-discovery-racetoarrakeen/fractalsystems-discovery-racetoarrakeen.FLT",
      "size": 5345,
      "date": 133624347488674038
    },
    {
      "path": "Missions/fractalsystems/Discovery/fractalsystems-discovery-racetoarrakeen/fractalsystems-discovery-racetoarrakeen.spb",
      "size": 2345,
      "date": 133624604303973705
    },
    {
      "path": "Missions/fractalsystems/Discovery/fractalsystems-discovery-racetoarrakeen/images/Activity_Widget.jpg",
      "size": 108259,
      "date": 133624143213349979
    },
    {
      "path": "Missions/fractalsystems/Discovery/fractalsystems-discovery-racetoarrakeen/images/Briefing.jpg",
      "size": 379070,
      "date": 133624149250000000
    },
    {
      "path": "Missions/fractalsystems/Discovery/fractalsystems-discovery-racetoarrakeen/images/Loading_Screen.jpg",
      "size": 1190761,
      "date": 133624148500000000
    },
    {
      "path": "Missions/fractalsystems/Discovery/fractalsystems-discovery-racetoarrakeen/NotReallyDiscovery2.spb",
      "size": 4267,
      "date": 133624604304108719
    },
    {
      "path": "scenery/Landmarks/fractalsystems-discovery-racetoarrakeen-landmarks.bgl",
      "size": 520,
      "date": 133624604304538709
    }
  ]
}