{
  "content": [
    {
      "path": "ContentInfo/fractalsystems-discovery-holeintherock/ContentHistory.json",
      "size": 679,
      "date": 133625975898570847
    },
    {
      "path": "ContentInfo/fractalsystems-discovery-holeintherock/Thumbnail.jpg",
      "size": 18227,
      "date": 133625045237929512
    },
    {
      "path": "en-US.locPak",
      "size": 1612,
      "date": 133625975898595820
    },
    {
      "path": "Missions/fractalsystems/Discovery/fractalsystems-discovery-holeintherock/Default_Blank_Soundbank.PC.PCK",
      "size": 44464,
      "date": 133619175191435299
    },
    {
      "path": "Missions/fractalsystems/Discovery/fractalsystems-discovery-holeintherock/fractalsystems-discovery-holeintherock.FLT",
      "size": 5330,
      "date": 133625975377193941
    },
    {
      "path": "Missions/fractalsystems/Discovery/fractalsystems-discovery-holeintherock/fractalsystems-discovery-holeintherock.spb",
      "size": 2342,
      "date": 133625975897965845
    },
    {
      "path": "Missions/fractalsystems/Discovery/fractalsystems-discovery-holeintherock/images/Activity_Widget.jpg",
      "size": 95758,
      "date": 133625124260000000
    },
    {
      "path": "Missions/fractalsystems/Discovery/fractalsystems-discovery-holeintherock/images/Briefing.jpg",
      "size": 339623,
      "date": 133625126928010359
    },
    {
      "path": "Missions/fractalsystems/Discovery/fractalsystems-discovery-holeintherock/images/Loading_Screen.jpg",
      "size": 488938,
      "date": 133625126420000000
    },
    {
      "path": "Missions/fractalsystems/Discovery/fractalsystems-discovery-holeintherock/NotReallyDiscovery2.spb",
      "size": 4267,
      "date": 133625975898100874
    },
    {
      "path": "scenery/Landmarks/fractalsystems-discovery-holeintherock-landmarks.bgl",
      "size": 536,
      "date": 133625975898495820
    }
  ]
}